{"Action": [0, 0, 0, 0, 0], "Adventure": [0, 0, 0, 0, 0], "Animation": [1.4010406035923728, 0.3060785103404782, 0.0013206011395868987, 0.2850195044045883, 0.006540780522973774], "Comedy": [1.4010406035923728, 0.3060785103404782, 0.0013206011395868987, 0.2850195044045883, 0.006540780522973774], "Crime": [0, 0, 0, 0, 0], "Documentary": [0, 0, 0, 0, 0], "Drama": [1.4010406035923728, 0.3060785103404782, 0.0013206011395868987, 0.2850195044045883, 0.006540780522973774], "Family": [1.4010406035923728, 0.3060785103404782, 0.0013206011395868987, 0.2850195044045883, 0.006540780522973774], "Fantasy": [1.4010406035923728, 0.3060785103404782, 0.0013206011395868987, 0.2850195044045883, 0.006540780522973774], "History": [0, 0, 0, 0, 0], "Horror": [0, 0, 0, 0, 0], "Music": [1.4010406035923728, 0.3060785103404782, 0.0013206011395868987, 0.2850195044045883, 0.006540780522973774], "Mystery": [0, 0, 0, 0, 0], "Romance": [0, 0, 0, 0, 0], "Science Fiction": [0, 0, 0, 0, 0]}